PART NO.,PART NAME,QTY,SC,MODEL CODE,OUTPUT,SPAN,MATERIAL,P-CONNECT,BOLT-NUT,INSTALL,HOUSING,E-CONNECT,INDICATOR,BRACKET,OPTION:AND,OPTION:OR,OPTION:NOT,
F9913VF,COVER,1,,,,,,,,,1,,,,PR,,X2,
F9913SA,COVER,1,,,,,,,,,2,,,,,,PR,
F9913SB,COVER,1,,,,,,,,,2,,,,PR,,X2,
F9913DF,TERMINAL COVER,1,,,,,,,,,3,,,,PR,,X2,
F9913TA,TERMINAL COVER,1,2,,,,,,,,1,,,,,,"PR,X2",
F9913VA,COVER,1,2,,,,,,,,1,,,,X2,,PR,
F9913CA,TERMINAL COVER,1,2,,,,,,,,3,,,,,,"PR,X2",
F9913DA,TERMINAL COVER,1,2,,,,,,,,3,,,,X2,,PR,
F9910LE,O-RING,1,,,,,,,,,,,,,,,HE,
F9900GR,O-RING,1,,,,,,,,,,,,,HE,,,
F9341JP,O-RING,1,,,,,,,,,,,,,,,HE,
F9900GS,O-RING,1,,,,,,,,,,,,,HE,,,
F9341JS,COVER,1,,,,,,,,,,,,,,,,
F9900GZ,SCREW,2,,,,,,,,,,,,,,,,
F9900RS,NAME PLATE,1,,"EJA110E,EJA120E,EJA130E,EJA310E,EJA430E,EJA440E",,,,,,,,,,,,,"JH05,VE,VR",
F9900RE,TAG PLATE,1,,,,,,,,,,,,,,,,
F9900RG,TAPPING SCREW,4,,,,,,,,,"1,3",,,,,,,
F9900RR,TAPPING SCREW,4,,,,,,,,,2,,,,,,,
F9900GC,SCREW,2,,,,,,,,,"1,3",,,,,,HC,
F9900RH,SCREW,2,,,,,,,,,"1,3",,,,HC,,,
F9900RH,SCREW,2,,,,,,,,,2,,,,,,,
F9900GH,O-RING,1,,,,,,,,,,,,,,,HE,
F9900GT,O-RING,1,,,,,,,,,,,,,HE,,,
F9300AF,PLATE,2,,"EJA110E,EJA110J,EJA430E,EJA430J,EJA130E,EJA440E,EJA120E,EJA120J",,,,,,,,,,,,,,
F9300AF,PLATE,1,,"EJA310E,EJA310J",,,,,,,,,,,,,,
F9900GE,PLATE,1,,"EJA110E,EJA110J",,"H,L,M,V","L,S",,,,,,,,,,HD,
F9900GD,PLATE,1,,"EJA110E,EJA110J",,F,S,,,,,,,,,,,
F9900GE,PLATE,1,,"EJA430E,EJA430J,EJA310E,EJA310J,EJA440E",,,"L,S",,,,,,,,,,,
F9900GD,PLATE,1,,"EJA110E,EJA110J,EJA430E,EJA430J",,,"A,B,D,H,M,T,W",,,,,,,,,,,
F9900GD,PLATE,1,,"EJA130E,EJA120E,EJA120J",,,,,,,,,,,,,,
F9900GD,PLATE,1,,"EJA110E,EJA110J",,"H,M",S,,,,,,,,HD,,,
F9900RJ,BOLT,1,,,,,,,,,,,,,,,,
F9900ML,LABEL,1,,"EJA120E,EJA120J",,,,,,,,,,,,,,
F9920BE,AMP ASSY,1,,,D,,,,,,,,,,,,,"CS1,CU1,FS1,FU1,GS11,GS21,GU11,GU21,JS4,KS21,KU22,NS21,PS21,SU21,US1"
F9920BG,AMP ASSY,1,,,D,,,,,,,,,,,,"CS1,CU1,FS1,FU1,GS11,GS21,GU11,GU21,JS4,KS21,KU22,NS21,PS21,SU21,US1",
F9920BN,AMP ASSY,1,,,J,,,,,,,,,,,"CS1,CU1,FS1,FU1,GS11,GS21,GU11,GU21,JS4,KS21,KU22,NS21,PS21,SU21,US1",,
F9920BQ,AMP ASSY,1,,,J,,,,,,,,,,,,"CS1,CU1,FS1,FU1,GS11,GS21,GU11,GU21,JS4,KS21,KU22,NS21,PS21,SU21,US1",
F9921AH,AMP ASSY,1,,,F,,,,,,,,,,,,,"GS16,NS25"
F9921AE,AMP ASSY,1,,,G,,,,,,,,,,,,,
F9920BX,AMP ASSY,1,,,Q,,,,,,,,,,,,,
F9920TK,TERMINAL ASSY,1,,,"-D,-J",,,,,,,,,,,"JS4,NS21,PS21,US1","A,CS1,CU1,FS1,FU1,GS11,GS21,GU11,GU21,J12,KS21,KU22,SU21",
F9920TS,TERMINAL ASSY,1,,,"-D,-J",,,,,,,,,,,"CS1,CU1,FS1,FU1,GS11,GU11,KS21,KU22,SU21","A,GS21,GU21,J12,JS4,NS21,PS21,US1",
F9920TT,TERMINAL ASSY,1,,,"-D,-J",,,,,,,,,,,"GS21,GU21","A,CS1,CU1,FS1,FU1,GS11,GU11,J12,JS4,KS21,KU22,NS21,PS21,SU21,US1",
F9920TX,TERMINAL ASSY,1,,,Q,,,,,,,,,,,,A,
F9920TL,TERMINAL ASSY,1,,,"-D,-J",,,,,,,,,,J12,,"A,CS1,CU1,FS1,FU1,GS11,GS21,GU11,GU21,JS4,NS21,PS21,SU21,US1",
F9920TP,TERMINAL ASSY,1,,,"-D,-J",,,,,,,,,,,,"A,CS1,CU1,FS1,FU1,GS11,GS21,GU11,GU21,J12,JS4,KS21,KU22,NS21,PS21,SU21,US1",
F9920VK,LPT ASSY,1,,,"-D,-J",,,,,,,,,,A,"JS4,NS21,PS21,US1","CS1,CU1,FS1,FU1,GS11,GS21,GU11,GU21,J12,KS21,KU22,SU21",
F9920VS,LPT ASSY,1,,,"-D,-J",,,,,,,,,,A,"CS1,CU1,FS1,FU1,GS11,GU11,KS21,KU22,SU21","GS21,GU21,J12,JS4,NS21,PS21,US1",
F9920VT,LPT ASSY,1,,,"-D,-J",,,,,,,,,,A,"GS21,GU21","CS1,CU1,FS1,FU1,GS11,GU11,J12,JS4,KS21,KU22,NS21,PS21,SU21,US1",
F9920VY,LPT ASSY,1,,,Q,,,,,,,,,,A,,,
F9920VL,LPT ASSY,1,,,"-D,-J",,,,,,,,,,"A,J12",,"CS1,CU1,FS1,FU1,GS11,GS21,GU11,GU21,JS4,NS21,PS21,SU21,US1",
F9920VP,LPT ASSY,1,,,"-D,-J",,,,,,,,,,A,,"CS1,CU1,FS1,FU1,GS11,GS21,GU11,GU21,J12,JS4,KS21,KU22,NS21,PS21,SU21,US1",
F9921TF,TERMINAL ASSY,1,,,"-F,-G",,,,,,,,,,,,"A,CS15,FS15,GS16,KS26,NS25,SS26",
F9921TG,TERMINAL ASSY,1,,,"-F,-G",,,,,,,,,,,"CS15,FS15,KS26,SS26",A,
F9921VF,LPT ASSY,1,,,"-F,-G",,,,,,,,,,A,,"CS15,FS15,GS16,KS26,NS25,SS26",
F9921VG,LPT ASSY,1,,,"-F,-G",,,,,,,,,,A,"CS15,FS15,KS26,SS26",,
F9342NJ,CONNECTOR ASSY,1,,,"-D,-F,-G,-J",,,,,,,,,,,,,
F9920LU,LCD ASSY,1,,,,,,,,,,,D,,,,,
F9920LV,LCD ASSY,1,,,,,,,,,,,E,,,,,
F9342MK,NUT,2,,,,,,,,,,,"D,E",,,,,
F9900TA,FLANGE,1,,"EJA110E,EJA110J",,"H,M,V",S,"0,1,2,E",,"-8,-9",,,,,,,"GS,HD,N1,N2,N3",
F9900TB,FLANGE,1,,"EJA110E,EJA110J",,"H,M,V",S,"3,4,5,F",,"-8,-9",,,,,,,"GS,HD,N1,N2,N3",
F9900TC,FLANGE,1,,"EJA110E,EJA110J",,"H,M,V",S,"0,1,2",,"-2,-3,-6,-7",,,,,,,HD,
F9900TD,FLANGE,1,,"EJA110E,EJA110J",,"H,M,V",S,"3,4,5",,"-2,-3,-6,-7",,,,,,,HD,
F9900TA,FLANGE,1,,"EJA430E,EJA430J,EJA310E,EJA310J",,,S,"0,1,2",,"-8,-9",,,,,,,"GS,N1,N2,N3",
F9900TB,FLANGE,1,,"EJA430E,EJA430J,EJA310E,EJA310J",,,S,"3,4,5",,"-8,-9",,,,,,,"GS,N1,N2,N3",
F9900TC,FLANGE,1,,"EJA430E,EJA430J,EJA310E,EJA310J",,,S,"0,1,2",,"-2,-3,-6,-7",,,,,,,,
F9900TD,FLANGE,1,,"EJA430E,EJA430J,EJA310E,EJA310J",,,S,"3,4,5",,"-2,-3,-6,-7",,,,,,,,
F9900TG,FLANGE,1,,"EJA110E,EJA110J",,"H,M,V",S,"0,1,2",,#NAME?,,,,,,,HD,
F9900TH,FLANGE,1,,"EJA110E,EJA110J",,"H,M,V",S,"3,4,5",,#NAME?,,,,,,,HD,
F9900TG,FLANGE,1,,"EJA430E,EJA430J,EJA310E,EJA310J",,,S,"0,1,2",,#NAME?,,,,,,,,
F9900TH,FLANGE,1,,"EJA430E,EJA430J,EJA310E,EJA310J",,,S,"3,4,5",,#NAME?,,,,,,,UN,
F9900UA,FLANGE,1,,"EJA110E,EJA110J",,"H,M,V",S,"0,1,2",,#NAME?,,,,,,,"HD,N1,N2,N3,U1",
F9900UB,FLANGE,1,,"EJA110E,EJA110J",,"H,M,V",S,"3,4,5",,#NAME?,,,,,,,"HD,N1,N2,N3,U1",
F9900UA,FLANGE,1,,"EJA430E,EJA430J,EJA310E,EJA310J",,,S,"0,1,2",,#NAME?,,,,,,,"N1,N2,N3,U1",
F9900UB,FLANGE,1,,"EJA430E,EJA430J,EJA310E,EJA310J",,,S,"3,4,5",,#NAME?,,,,,,,"N1,N2,N3,U1",
F9900TM,FLANGE,1,,"EJA110E,EJA110J,EJA430E,EJA430J",,,S,"B,C,D,G,W",,-9,,,,,,,,
F9900TK,FLANGE,1,,"EJA110E,EJA110J",,"H,M,V",S,"0,1,2",,-9,,,,"B,J,N",N1,,"GS,HD",
F9900TK,FLANGE,1,,"EJA430E,EJA430J,EJA310E,EJA310J",,,S,"0,1,2",,-9,,,,"B,J,N",N1,,GS,
F9900TL,FLANGE,1,,"EJA110E,EJA110J",,"H,M,V",S,"3,4,5",,-9,,,,"B,J,N",N1,,"GS,HD",
F9900TL,FLANGE,1,,"EJA430E,EJA430J,EJA310E,EJA310J",,,S,"3,4,5",,-9,,,,"B,J,N",N1,,GS,
F9900TC,FLANGE,1,,"EJA110E,EJA110J",,"H,M,V",S,"0,1,2",,-9,,,,N,,"N2,N3",HD,
F9900TC,FLANGE,1,,"EJA430E,EJA430J,EJA310E,EJA310J",,,S,"0,1,2",,-9,,,,N,,"N2,N3",,
F9900TD,FLANGE,1,,"EJA110E,EJA110J",,"H,M,V",S,"3,4,5",,-9,,,,N,,"N2,N3",HD,
F9900TD,FLANGE,1,,"EJA430E,EJA430J,EJA310E,EJA310J",,,S,"3,4,5",,-9,,,,N,,"N2,N3",,
F9900TK,FLANGE,1,,EJA110E,,"H,M,V",S,0,,-8,,,,"B,J,N",GS,,HD,
F9900TK,FLANGE,1,,"EJA430E,EJA310E",,,S,0,,-8,,,,"B,J,N",GS,,,
F9900TK,FLANGE,1,,EJA110E,,"H,M,V",S,0,,-9,,,,"B,J,N",GS,,"HD,N1",
F9900TK,FLANGE,1,,"EJA430E,EJA310E",,,S,0,,-9,,,,"B,J,N",GS,,N1,
F9900TK,FLANGE,1,,EJA110E,,"H,M,V",S,0,,-9,,,,"B,J,N","GS,N1",,HD,
F9900TK,FLANGE,1,,"EJA430E,EJA310E",,,S,0,,-9,,,,"B,J,N","GS,N1",,,
F9900TL,FLANGE,1,,EJA110E,,"H,M,V",S,5,,-8,,,,"B,J,N",GS,,HD,
F9900TL,FLANGE,1,,"EJA430E,EJA310E",,,S,5,,-8,,,,"B,J,N",GS,,,
F9900TL,FLANGE,1,,EJA110E,,"H,M,V",S,5,,-9,,,,"B,J,N",GS,,"HD,N1",
F9900TL,FLANGE,1,,"EJA430E,EJA310E",,,S,5,,-9,,,,"B,J,N",GS,,N1,
F9900TL,FLANGE,1,,EJA110E,,"H,M,V",S,5,,-9,,,,"B,J,N","GS,N1",,HD,
F9900TL,FLANGE,1,,"EJA430E,EJA310E",,,S,5,,-9,,,,"B,J,N","GS,N1",,,
F9340VM,FLANGE,1,,EJA130E,,,S,"0,1,2",,"-2,-3,-6,-7",,,,,,,,
F9340VL,FLANGE,1,,EJA130E,,,S,"0,1,2",,"-8,-9",,,,,,,"GS,N1,N2,N3",
F9900UE,FLANGE,1,,EJA130E,,,S,"0,1,2",,#NAME?,,,,,,,"N1,N2,N3,U1",
F9340UJ,FLANGE,1,,EJA130E,,,S,"3,4,5",,"-2,-3,-6,-7",,,,,,,,
F9340UH,FLANGE,1,,EJA130E,,,S,"3,4,5",,"-8,-9",,,,,,,"GS,N1,N2,N3",
F9900UF,FLANGE,1,,EJA130E,,,S,"3,4,5",,#NAME?,,,,,,,"N1,N2,N3,U1",
F9340RE,FLANGE,1,,EJA130E,,,S,"3,4,5",,-9,,,,"B,J,N",N1,,GS,
F9340UJ,FLANGE,1,,EJA130E,,,S,"3,4,5",,-9,,,,N,,"N2,N3",,
F9340RE,FLANGE,1,,EJA130E,,,S,5,,-8,,,,"B,J,N",GS,,,
F9340RE,FLANGE,1,,EJA130E,,,S,5,,-9,,,,"B,J,N",GS,,N1,
F9340RE,FLANGE,1,,EJA130E,,,S,5,,-9,,,,"B,J,N","GS,N1",,,
F9350EV,FLANGE,1,,"EJA110E,EJA110J",,"H,M,V",L,"0,1,2",,"-8,-9",,,,,,,"GS,N1,N2,N3",
F9350EW,FLANGE,1,,"EJA110E,EJA110J",,"H,M,V",L,"3,4,5",,"-8,-9",,,,,,,"GS,N1,N2,N3",
F9350ES,FLANGE,1,,"EJA110E,EJA110J",,"H,M,V",L,"0,1,2",,"-2,-3,-6,-7",,,,,,,,
F9350ET,FLANGE,1,,"EJA110E,EJA110J",,"H,M,V",L,"3,4,5",,"-2,-3,-6,-7",,,,,,,,
F9350EV,FLANGE,1,,"EJA430E,EJA430J,EJA310E,EJA310J",,,L,"0,1,2",,"-8,-9",,,,,,,"GS,N1,N2,N3",
F9350EW,FLANGE,1,,"EJA430E,EJA430J,EJA310E,EJA310J",,,L,"3,4,5",,"-8,-9",,,,,,,"GS,N1,N2,N3",
F9350ES,FLANGE,1,,"EJA430E,EJA430J,EJA310E,EJA310J",,,L,"0,1,2",,"-2,-3,-6,-7",,,,,,,,
F9350ET,FLANGE,1,,"EJA430E,EJA430J,EJA310E,EJA310J",,,L,"3,4,5",,"-2,-3,-6,-7",,,,,,,,
F9340TA,FLANGE,1,,"EJA110E,EJA110J,EJA430E,EJA430J",,,W,"0,1,2",,"-8,-9",,,,,,,"N1,N2,N3",
F9340TB,FLANGE,1,,"EJA110E,EJA110J,EJA430E,EJA430J",,,W,"3,4,5",,"-8,-9",,,,,,,"N1,N2,N3",
F9340TC,FLANGE,1,,"EJA110E,EJA110J,EJA430E,EJA430J",,,W,"0,1,2",,"-2,-3,-6,-7",,,,,,,,
F9340TD,FLANGE,1,,"EJA110E,EJA110J,EJA430E,EJA430J",,,W,"3,4,5",,"-2,-3,-6,-7",,,,,,,,
F9900WR,FLANGE,1,,EJA440E,,C,S,"0,1,2",,"-8,-9",,,,,,,"GS,N1,N2,N3",
F9900WS,FLANGE,1,,EJA440E,,C,S,"3,4,5",,"-8,-9",,,,,,,"GS,N1,N2,N3",
F9900WP,FLANGE,1,,EJA440E,,C,S,"0,1,2",,"-2,-3,-6,-7",,,,,,,,
F9900WQ,FLANGE,1,,EJA440E,,C,S,"3,4,5",,"-2,-3,-6,-7",,,,,,,,
F9900WL,FLANGE,1,,EJA440E,,C,S,"3,4,5",,-9,,,,"B,J,N",N1,,GS,
F9900WQ,FLANGE,1,,EJA440E,,C,S,"3,4,5",,-9,,,,N,,"N2,N3",,
F9900WL,FLANGE,1,,EJA440E,,C,S,5,,-8,,,,"B,J,N",GS,,,
F9900WL,FLANGE,1,,EJA440E,,C,S,5,,-9,,,,"B,J,N",GS,,N1,
F9900WL,FLANGE,1,,EJA440E,,C,S,5,,-9,,,,"B,J,N","GS,N1",,,
F9900WC,FLANGE,1,,EJA440E,,D,S,"0,1,2",,"-2,-3,-6,-7",,,,,,,,
F9900WA,FLANGE,1,,EJA440E,,D,S,"0,1,2",,"-8,-9",,,,,,,"GS,N1,N2,N3",
F9900WD,FLANGE,1,,EJA440E,,D,S,"3,4,5",,"-2,-3,-6,-7",,,,,,,,
F9900WB,FLANGE,1,,EJA440E,,D,S,"3,4,5",,"-8,-9",,,,,,,"GS,N1,N2,N3",
F9900WN,FLANGE,1,,EJA440E,,D,S,"3,4,5",,-9,,,,"B,J,N",N1,,GS,
F9900WN,FLANGE,1,,EJA440E,,D,S,5,,-8,,,,"B,J,N",GS,,,
F9900WN,FLANGE,1,,EJA440E,,D,S,5,,-9,,,,"B,J,N",GS,,N1,
F9900WN,FLANGE,1,,EJA440E,,D,S,5,,-9,,,,"B,J,N","GS,N1",,,
F9340VN,FLANGE,1,,"EJA120E,EJA120J",,,S,"0,1,2",,"-2,-3,-6,-7",,,,,,,,
F9340VP,FLANGE,1,,"EJA120E,EJA120J",,,S,"0,1,2",,"-8,-9",,,,,,,,
F9340VQ,FLANGE,1,,"EJA120E,EJA120J",,,S,"3,4,5",,"-2,-3,-6,-7",,,,,,,,
F9340VR,FLANGE,1,,"EJA120E,EJA120J",,,S,"3,4,5",,"-8,-9",,,,,,,"N1,N2,N3",
F9340RC,FLANGE,1,,"EJA120E,EJA120J",,,S,"3,4,5",,-9,,,,"B,J,N",N1,,,
F9340VQ,FLANGE,1,,"EJA120E,EJA120J",,,S,"3,4,5",,-9,,,,N,,"N2,N3",,
F9900TN,FLANGE,1,,"EJA110E,EJA110J",,,S,"P,Q,R",,-9,,,,,,,,
F9900TA,FLANGE,1,,"EJA110E,EJA110J",,"H,M,V",S,"0,1,2,C,Q",,"-8,-9",,,,,,,"GS,HD,N1,N2,N3",
F9900TB,FLANGE,1,,"EJA110E,EJA110J",,"H,M,V",S,"3,4,5,D,R",,"-8,-9",,,,,,,"GS,HD,N1,N2,N3",
F9900TC,FLANGE,1,,"EJA110E,EJA110J",,"H,M,V",S,"0,1,2,C,Q",,"-2,-3,-6,-7",,,,,,,HD,
F9900TD,FLANGE,1,,"EJA110E,EJA110J",,"H,M,V",S,"3,4,5,D,R",,"-2,-3,-6,-7",,,,,,,HD,
F9900TG,FLANGE,1,,"EJA110E,EJA110J",,"H,M,V",S,"0,1,2",,#NAME?,,,,,,,HD,
F9900TH,FLANGE,1,,"EJA110E,EJA110J",,"H,M,V",S,"3,4,5",,#NAME?,,,,,,,HD,
F9900UA,FLANGE,1,,"EJA110E,EJA110J",,"H,M,V",S,"0,1,2",,#NAME?,,,,,,,"HD,N1,N2,N3,U1",
F9900UB,FLANGE,1,,"EJA110E,EJA110J",,"H,M,V",S,"3,4,5",,#NAME?,,,,,,,"HD,N1,N2,N3,U1",
F9900TM,FLANGE,1,,"EJA110E,EJA110J",,,S,"B,E,F,G,W",,-9,,,,,,,,
F9900TE,FLANGE,1,,"EJA430E,EJA430J",,,"L,S",,,"-8,-9",,,,,,,,
F9900TT,FLANGE,1,,"EJA310E,EJA310J",,,"L,S",,,"-2,-3,-6,-7,-8,-9,-U",,,,,,,,
F9900TF,FLANGE,1,,"EJA430E,EJA430J",,,"L,S",,,"-2,-3,-6,-7",,,,,,,,
F9900TY,FLANGE,1,,"EJA430E,EJA430J",,,S,,,#NAME?,,,,,,,,
F9900UK,FLANGE,1,,"EJA430E,EJA430J",,,S,,,#NAME?,,,,,,,"N1,N2,N3,U1",
F9900TK,FLANGE,1,,"EJA110E,EJA110J",,"H,M,V",S,"0,1,2",,-9,,,,"B,J,N",N1,,"GS,HD",
F9900TL,FLANGE,1,,"EJA110E,EJA110J",,"H,M,V",S,"3,4,5",,-9,,,,"B,J,N",N1,,"GS,HD",
F9900TC,FLANGE,1,,"EJA110E,EJA110J",,"H,M,V",S,"0,1,2",,-9,,,,N,,"N2,N3",HD,
F9900TD,FLANGE,1,,"EJA110E,EJA110J",,"H,M,V",S,"3,4,5",,-9,,,,N,,"N2,N3",HD,
F9900TK,FLANGE,1,,EJA110E,,"H,M,V",S,0,,-8,,,,,GS,,HD,
F9900TK,FLANGE,1,,EJA110E,,"H,M,V",S,0,,-9,,,,,GS,,"HD,N1",
F9900TK,FLANGE,1,,EJA110E,,"H,M,V",S,0,,-9,,,,,"GS,N1",,HD,
F9900TL,FLANGE,1,,EJA110E,,"H,M,V",S,5,,-8,,,,,GS,,HD,
F9900TL,FLANGE,1,,EJA110E,,"H,M,V",S,5,,-9,,,,,GS,,"HD,N1",
F9900TL,FLANGE,1,,EJA110E,,"H,M,V",S,5,,-9,,,,,"GS,N1",,HD,
F9350EV,FLANGE,1,,"EJA110E,EJA110J",,"H,M,V",L,"0,1,2",,"-8,-9",,,,,,,"GS,N1,N2,N3",
F9350EW,FLANGE,1,,"EJA110E,EJA110J",,"H,M,V",L,"3,4,5",,"-8,-9",,,,,,,"GS,N1,N2,N3",
F9350ES,FLANGE,1,,"EJA110E,EJA110J",,"H,M,V",L,"0,1,2",,"-2,-3,-6,-7",,,,,,,,
F9350ET,FLANGE,1,,"EJA110E,EJA110J",,"H,M,V",L,"3,4,5",,"-2,-3,-6,-7",,,,,,,,
F9340VL,FLANGE,1,,EJA130E,,,S,"0,1,2",,"-8,-9",,,,,,,"GS,N1,N2,N3",
F9340UH,FLANGE,1,,EJA130E,,,S,"3,4,5",,"-8,-9",,,,,,,"GS,N1,N2,N3",
F9340VM,FLANGE,1,,EJA130E,,,S,"0,1,2",,"-2,-3,-6,-7",,,,,,,,
F9340UJ,FLANGE,1,,EJA130E,,,S,"3,4,5",,"-2,-3,-6,-7",,,,,,,,
F9340RE,FLANGE,1,,EJA130E,,,S,"3,4,5",,-9,,,,"B,J,N",N1,,GS,
F9340UJ,FLANGE,1,,EJA130E,,,S,"3,4,5",,-9,,,,N,,"N2,N3",,
F9340RE,FLANGE,1,,EJA130E,,,S,5,,-8,,,,"B,J,N",GS,,,
F9340RE,FLANGE,1,,EJA130E,,,S,5,,-9,,,,"B,J,N",GS,,N1,
F9340RE,FLANGE,1,,EJA130E,,,S,5,,-9,,,,"B,J,N","GS,N1",,,
F9900WE,FLANGE,1,,EJA440E,,,S,,,"-8,-9,-U",,,,,,,,
F9900WF,FLANGE,1,,EJA440E,,,S,,,"-2,-3,-6,-7",,,,,,,,
F9340VN,FLANGE,1,,"EJA120E,EJA120J",,,S,"0,1,2",,"-2,-3,-6,-7",,,,,,,,
F9340VP,FLANGE,1,,"EJA120E,EJA120J",,,S,"0,1,2",,"-8,-9",,,,,,,,
F9340VQ,FLANGE,1,,"EJA120E,EJA120J",,,S,"3,4,5",,"-2,-3,-6,-7",,,,,,,,
F9340VR,FLANGE,1,,"EJA120E,EJA120J",,,S,"3,4,5",,"-8,-9",,,,,,,"N1,N2,N3",
F9340RC,FLANGE,1,,"EJA120E,EJA120J",,,S,"3,4,5",,-9,,,,"B,J,N",N1,,,
F9340VQ,FLANGE,1,,"EJA120E,EJA120J",,,S,"3,4,5",,-9,,,,N,,"N2,N3",,
F9340TA,FLANGE,1,,"EJA110E,EJA110J",,,W,"0,1,2",,"-8,-9",,,,,,,"N1,N2,N3",
F9340TB,FLANGE,1,,"EJA110E,EJA110J",,,W,"3,4,5",,"-8,-9",,,,,,,"N1,N2,N3",
F9340TC,FLANGE,1,,"EJA110E,EJA110J",,,W,"0,1,2",,"-2,-3,-6,-7",,,,,,,,
F9340TD,FLANGE,1,,"EJA110E,EJA110J",,,W,"3,4,5",,"-2,-3,-6,-7",,,,,,,,
F9900EA,GASCKET,2,,"EJA110E,EJA110J",,"H,M,V","L,S",,,,,,,,,,"GS,HD",
F9900EA,GASCKET,2,,"EJA110E,EJA110J",,"H,M,V","L,S",W,,,,,,,,,"GS,HD",
F9900EA,GASCKET,2,,"EJA310E,EJA310J,EJA430E,EJA430J,EJA440E",,,"L,S",,,,,,,,,,GS,
F9900EA,GASCKET,2,,"EJA310E,EJA310J,EJA430E,EJA430J,EJA440E",,,"L,S",W,,,,,,,,,GS,
F9340GE,GASKET,2,,"EJA120E,EJA120J",,,S,,,,,,,,,,GS,
F9300FD,GASKET,2,,EJA130E,,,,,,,,,,,,,GS,
F9900EF,GASKET,2,,EJA110E,,"H,M,V",S,"0,5",,"-8,-9",,,,,GS,,"HD,N2,N3,U1",
F9900EF,GASKET,2,,"EJA310E,EJA430E",,,S,"0,5",,"-8,-9",,,,,GS,,"N2,N3,U1",
F9900EF,GASKET,2,,EJA440E,,,S,5,,"-8,-9",,,,,GS,,"N2,N3,U1",
F9900EH,GASKET,2,,EJA130E,,,S,5,,"-8,-9",,,,,GS,,"N2,N3,U1",
F9340SC,VENT PLUG,2,,"EJA110E,EJA110J,EJA130E,EJA120E,EJA120J",,,S,"0,1,2",,"-2,-3,-6,-7",,,,,,,"K1,K2,K5,K6,U1",
F9340SC,VENT PLUG,1,,"EJA310E,EJA310J,EJA430E,EJA430J,EJA440E",,,S,"0,1,2",,"-2,-3,-6,-7",,,,,,,"K1,K2,K5,K6,U1",
F9340SA,VENT PLUG,2,,"EJA110E,EJA110J,EJA130E,EJA120E,EJA120J",,,S,"0,1,2",,"-8,-9,-B,-U",,,,,,,"GS,K1,K2,K5,K6,N1,N2,N3",
F9340SA,VENT PLUG,1,,"EJA310E,EJA310J,EJA430E,EJA430J,EJA440E",,,S,"0,1,2",,"-8,-9,-B,-U",,,,,,,"GS,K1,K2,K5,K6,N1,N2,N3",
F9340SD,VENT PLUG,2,,"EJA110E,EJA110J,EJA130E,EJA120E,EJA120J",,,S,"3,4,5",,"-2,-3,-6,-7",,,,,,,"K1,K2,K5,K6,U1",
F9340SD,VENT PLUG,1,,"EJA310E,EJA310J,EJA430E,EJA430J,EJA440E",,,S,"3,4,5",,"-2,-3,-6,-7",,,,,,,"K1,K2,K5,K6,U1",
F9340SB,VENT PLUG,2,,"EJA110E,EJA110J,EJA130E,EJA120E,EJA120J",,,S,"3,4,5",,"-8,-9,-B,-U",,,,,,,"GS,K1,K2,K5,K6,N1,N2,N3",
F9340SB,VENT PLUG,1,,"EJA310E,EJA310J,EJA430E,EJA430J,EJA440E",,,S,"3,4,5",,"-8,-9,-B,-U",,,,,,,"GS,K1,K2,K5,K6,N1,N2,N3",
F9311AA,VENT PLUG,2,,"EJA110E,EJA110J,EJA130E,EJA120E,EJA120J",,,S,"0,1,2",,"-2,-3,-6,-7",,,,,U1,,"K1,K2,K5,K6",
F9311AA,VENT PLUG,1,,"EJA310E,EJA310J,EJA430E,EJA430J,EJA440E",,,S,"0,1,2",,"-2,-3,-6,-7",,,,,U1,,"K1,K2,K5,K6",
F9311AG,VENT PLUG,2,,"EJA110E,EJA110J,EJA130E,EJA120E,EJA120J",,,S,"3,4,5",,"-2,-3,-6,-7",,,,,U1,,"K1,K2,K5,K6",
F9311AG,VENT PLUG,1,,"EJA310E,EJA310J,EJA430E,EJA430J,EJA440E",,,S,"3,4,5",,"-2,-3,-6,-7",,,,,U1,,"K1,K2,K5,K6",
F9275EC,VENT PLUG,2,,"EJA110E,EJA110J,EJA130E,EJA120E,EJA120J",,,S,"0,1,2",,"-2,-3,-6,-7",,,,,,"K1,K2,K5,K6",U1,
F9275EC,VENT PLUG,1,,"EJA310E,EJA310J,EJA430E,EJA430J,EJA440E",,,S,"0,1,2",,"-2,-3,-6,-7",,,,,,"K1,K2,K5,K6",U1,
F9275EC,VENT PLUG,2,,"EJA110E,EJA110J,EJA130E,EJA120E,EJA120J",,,S,"0,1,2",,"-8,-9,-B,-U",,,,,,"K1,K2,K5,K6","GS,N1,N2,N3,U1",
F9275EC,VENT PLUG,1,,"EJA310E,EJA310J,EJA430E,EJA430J,EJA440E",,,S,"0,1,2",,"-8,-9,-B,-U",,,,,,"K1,K2,K5,K6","GS,N1,N2,N3,U1",
F9275ED,VENT PLUG,2,,"EJA110E,EJA110J,EJA130E,EJA120E,EJA120J",,"H,M,V",S,"3,4,5",,"-2,-3,-6,-7",,,,,,"K1,K2,K5,K6",U1,
F9275ED,VENT PLUG,1,,"EJA310E,EJA310J,EJA430E,EJA430J,EJA440E",,,S,"3,4,5",,"-2,-3,-6,-7",,,,,,"K1,K2,K5,K6",U1,
F9275ED,VENT PLUG,2,,"EJA110E,EJA110J,EJA130E,EJA120E,EJA120J",,"H,M,V",S,"3,4,5",,"-8,-9,-B,-U",,,,,,"K1,K2,K5,K6","GS,N1,N2,N3,U1",
F9275ED,VENT PLUG,1,,"EJA310E,EJA310J,EJA430E,EJA430J,EJA440E",,,S,"3,4,5",,"-8,-9,-B,-U",,,,,,"K1,K2,K5,K6","GS,N1,N2,N3,U1",
F9311BA,VENT PLUG,2,,"EJA110E,EJA110J,EJA130E,EJA120E,EJA120J",,,S,"0,1,2",,"-2,-3,-6,-7",,,,,U1,"K1,K2,K5,K6",,
F9311BA,VENT PLUG,1,,"EJA310E,EJA310J,EJA430E,EJA430J,EJA440E",,,S,"0,1,2",,"-2,-3,-6,-7",,,,,U1,"K1,K2,K5,K6",,
F9311BG,VENT PLUG,2,,"EJA110E,EJA110J,EJA130E,EJA120E,EJA120J",,,S,"3,4,5",,"-2,-3,-6,-7",,,,,U1,"K1,K2,K5,K6",,
F9311BG,VENT PLUG,1,,"EJA310E,EJA310J,EJA430E,EJA430J,EJA440E",,,S,"3,4,5",,"-2,-3,-6,-7",,,,,U1,"K1,K2,K5,K6",,
F9350EN,VENT PLUG,2,,"EJA110E,EJA110J",,,L,"0,1,2",,"-2,-3,-6,-7",,,,,,,"K1,K2,K5,K6,U1",
F9350EN,VENT PLUG,1,,"EJA310E,EJA310J,EJA430E,EJA430J",,,L,"0,1,2",,"-2,-3,-6,-7",,,,,,,"K1,K2,K5,K6,U1",
F9350EQ,VENT PLUG,2,,"EJA110E,EJA110J",,,L,"0,1,2",,"-8,-9",,,,,,,"GS,K1,K2,K5,K6,N1,N2,N3",
F9350EQ,VENT PLUG,1,,"EJA310E,EJA310J,EJA430E,EJA430J",,,L,"0,1,2",,"-8,-9",,,,,,,"GS,K1,K2,K5,K6,N1,N2,N3",
F9350EP,VENT PLUG,2,,"EJA110E,EJA110J",,,L,"3,4,5",,"-2,-3,-6,-7",,,,,,,"K1,K2,K5,K6,U1",
F9350EP,VENT PLUG,1,,"EJA310E,EJA310J,EJA430E,EJA430J",,,L,"3,4,5",,"-2,-3,-6,-7",,,,,,,"K1,K2,K5,K6,U1",
F9350ER,VENT PLUG,2,,"EJA110E,EJA110J",,,L,"3,4,5",,"-8,-9",,,,,,,"GS,K1,K2,K5,K6,N1,N2,N3",
F9350ER,VENT PLUG,1,,"EJA310E,EJA310J,EJA430E,EJA430J",,,L,"3,4,5",,"-8,-9",,,,,,,"GS,K1,K2,K5,K6,N1,N2,N3",
F9340SB,VENT PLUG,1,,"EJA110E,EJA110J",,,S,"D,F,R",,-9,,,,,,,"K11,K12,K15,K16",
F9340SA,VENT PLUG,1,,"EJA110E,EJA110J",,,S,"C,E,Q",,-9,,,,,,,"K11,K12,K15,K16",
F9275EC,VENT PLUG,1,,"EJA110E,EJA110J",,,S,"C,E,Q",,-9,,,,,,"K11,K12,K15,K16",,
F9275ED,VENT PLUG,1,,"EJA110E,EJA110J",,,S,"D,F,R",,-9,,,,,,"K11,K12,K15,K16",,
F9340QQ,VENT PLUG,2,,"EJA110E,EJA110J",,,W,"0,1,2",,"-2,-3,-6,-7",,,,,,,,
F9340QQ,VENT PLUG,1,,"EJA430E,EJA430J",,,W,"0,1,2",,"-2,-3,-6,-7",,,,,,,,
F9340QN,VENT PLUG,2,,"EJA110E,EJA110J",,,W,"0,1,2",,"-8,-9",,,,,,,,
F9340QN,VENT PLUG,1,,"EJA430E,EJA430J",,,W,"0,1,2",,"-8,-9",,,,,,,,
F9340QR,VENT PLUG,2,,"EJA110E,EJA110J",,,W,"3,4,5",,"-2,-3,-6,-7",,,,,,,,
F9340QR,VENT PLUG,1,,"EJA430E,EJA430J",,,W,"3,4,5",,"-2,-3,-6,-7",,,,,,,,
F9340QP,VENT PLUG,2,,"EJA110E,EJA110J",,,W,"3,4,5",,"-8,-9",,,,,,,,
F9340QP,VENT PLUG,1,,"EJA430E,EJA430J",,,W,"3,4,5",,"-8,-9",,,,,,,,
F9270HE,VENT SCREW,2,,"EJA110E,EJA110J,EJA130E,EJA120E,EJA120J",,,S,"0,1,2,3,4,5",,"-2,-3,-6,-7",,,,,,,"K1,K2,K5,K6",
F9270HE,VENT SCREW,1,,"EJA310E,EJA310J,EJA430E,EJA430J,EJA440E",,,S,"0,1,2,3,4,5",,"-2,-3,-6,-7",,,,,,,"K1,K2,K5,K6",
D0114PB,VENT SCREW,2,,"EJA110E,EJA110J,EJA130E,EJA120E,EJA120J",,,S,"0,1,2,3,4,5",,"-8,-9,-B,-U",,,,,,,"GS,K1,K2,K5,K6,N1,N2,N3",
D0114PB,VENT SCREW,1,,"EJA310E,EJA310J,EJA430E,EJA430J,EJA440E",,,S,"0,1,2,3,4,5",,"-8,-9,-B,-U",,,,,,,"GS,K1,K2,K5,K6,N1,N2,N3",
F9350SX,VENT SCREW,2,,"EJA110E,EJA110J",,,L,"0,1,2,3,4,5",,"-2,-3,-6,-7",,,,,,,"K1,K2,K5,K6",
F9350SX,VENT SCREW,1,,"EJA310E,EJA310J,EJA430E,EJA430J",,,L,"0,1,2,3,4,5",,"-2,-3,-6,-7",,,,,,,"K1,K2,K5,K6",
F9350KZ,VENT SCREW,2,,"EJA110E,EJA110J",,,L,"0,1,2,3,4,5",,"-8,-9",,,,,,,"GS,K1,K2,K5,K6,N1,N2,N3",
F9350KZ,VENT SCREW,1,,"EJA310E,EJA310J,EJA430E,EJA430J",,,L,"0,1,2,3,4,5",,"-8,-9",,,,,,,"GS,K1,K2,K5,K6,N1,N2,N3",
F9340QT,VENT SCREW,2,,"EJA110E,EJA110J",,,W,"0,1,2,3,4,5",,"-8,-9",,,,,,,,
F9340QT,VENT SCREW,1,,"EJA430E,EJA430J",,,W,"0,1,2,3,4,5",,"-8,-9",,,,,,,,
F9340QS,VENT SCREW,2,,"EJA110E,EJA110J",,,W,"0,1,2,3,4,5",,"-2,-3,-6,-7",,,,,,,,
F9340QS,VENT SCREW,1,,"EJA430E,EJA430J",,,W,"0,1,2,3,4,5",,"-2,-3,-6,-7",,,,,,,,
F9200CS,PLUG,2,,"EJA110E,EJA110J,EJA130E,EJA120E,EJA120J",,,S,"0,1,2",,"-8,-9",,,,,,,"GS,N1,N2,N3",
F9200CS,PLUG,1,,"EJA310E,EJA310J,EJA430E,EJA430J,EJA440E",,,S,"0,1,2",,"-8,-9",,,,,,,"GS,N1,N2,N3",
D0114RZ,PLUG,2,,"EJA110E,EJA110J,EJA130E,EJA120E,EJA120J",,,S,"3,4,5",,"-8,-9",,,,,,,"GS,N1,N2,N3",
D0114RZ,PLUG,1,,"EJA310E,EJA310J,EJA430E,EJA430J,EJA440E",,,S,"3,4,5",,"-8,-9",,,,,,,"GS,N1,N2,N3",
F9200CS,PLUG,4,,"EJA110E,EJA110J,EJA130E,EJA120E,EJA120J",,,S,"0,1,2",,#NAME?,,,,,,,"N1,N2,N3",
F9200CS,PLUG,2,,"EJA310E,EJA310J,EJA430E,EJA430J,EJA440E",,,S,"0,1,2",,#NAME?,,,,,,,"N1,N2,N3",
D0114RZ,PLUG,4,,"EJA110E,EJA110J,EJA130E,EJA120E,EJA120J",,,S,"3,4,5",,#NAME?,,,,,,,"N1,N2,N3",
D0114RZ,PLUG,2,,"EJA310E,EJA310J,EJA430E,EJA430J,EJA440E",,,S,"3,4,5",,#NAME?,,,,,,,"N1,N2,N3",
F9350RR,PLUG,2,,"EJA110E,EJA110J",,,L,"0,1,2",,"-8,-9",,,,,,,"GS,N1,N2,N3",
F9350RR,PLUG,1,,"EJA310E,EJA310J,EJA430E,EJA430J",,,L,"0,1,2",,"-8,-9",,,,,,,"GS,N1,N2,N3",
F9350RS,PLUG,2,,"EJA110E,EJA110J",,,L,"3,4,5",,"-8,-9",,,,,,,"GS,N1,N2,N3",
F9350RS,PLUG,1,,"EJA310E,EJA310J,EJA430E,EJA430J",,,L,"3,4,5",,"-8,-9",,,,,,,"GS,N1,N2,N3",
D0114RZ,PLUG,1,,"EJA110E,EJA110J",,,S,"D,F",,-9,,,,,,,,
F9200CS,PLUG,1,,"EJA110E,EJA110J",,,S,"C,E",,-9,,,,,,,,
F9340QU,PLUG,2,,"EJA110E,EJA110J",,,W,"0,1,2",,"-8,-9",,,,,,,,
F9340QU,PLUG,1,,"EJA430E,EJA430J",,,W,"0,1,2",,"-8,-9",,,,,,,,
F9340QV,PLUG,2,,"EJA110E,EJA110J",,,W,"3,4,5",,"-8,-9",,,,,,,,
F9340QV,PLUG,1,,"EJA430E,EJA430J",,,W,"3,4,5",,"-8,-9",,,,,,,,
D0114RZ,PLUG,1,,"EJA110E,EJA110J",,,"H,M,S,T",R,,-9,,,,,,,,
F9200CS,PLUG,1,,"EJA110E,EJA110J",,,"H,M,S,T",Q,,-9,,,,,,,,
F9340XY,CONNECTOR,2,,"EJA110E,EJA110J,EJA120E,EJA120J",,,"H,M,S,T",1,,,,,,,,,,
F9340XY,CONNECTOR,1,,"EJA310E,EJA310J,EJA430E,EJA430J",,,"H,M,S,T",1,,,,,,,,,,
F9340XW,CONNECTOR,2,,"EJA110E,EJA110J,EJA120E,EJA120J",,,"H,M,S,T",2,,,,,,,,,,
F9340XW,CONNECTOR,1,,"EJA310E,EJA310J,EJA430E,EJA430J",,,"H,M,S,T",2,,,,,,,,,,
F9340XZ,CONNECTOR,2,,"EJA110E,EJA110J,EJA120E,EJA120J",,,"H,M,S,T",3,,,,,,,,,,
F9340XZ,CONNECTOR,1,,"EJA310E,EJA310J,EJA430E,EJA430J",,,"H,M,S,T",3,,,,,,,,,,
F9340XX,CONNECTOR,2,,"EJA110E,EJA110J,EJA120E,EJA120J",,,"H,M,S,T",4,,,,,,,,,,
F9340XX,CONNECTOR,1,,"EJA310E,EJA310J,EJA430E,EJA430J",,,"H,M,S,T",4,,,,,,,,,,
F9340TY,CONNECTOR,2,,"EJA110E,EJA110J",,,B,1,,,,,,,,,,
F9340TY,CONNECTOR,1,,"EJA430E,EJA430J",,,B,1,,,,,,,,,,
F9340TW,CONNECTOR,2,,"EJA110E,EJA110J",,,B,2,,,,,,,,,,
F9340TW,CONNECTOR,1,,"EJA430E,EJA430J",,,B,2,,,,,,,,,,
F9340TZ,CONNECTOR,2,,"EJA110E,EJA110J",,,B,3,,,,,,,,,,
F9340TZ,CONNECTOR,1,,"EJA430E,EJA430J",,,B,3,,,,,,,,,,
F9340TX,CONNECTOR,2,,"EJA110E,EJA110J",,,B,4,,,,,,,,,,
F9340TX,CONNECTOR,1,,"EJA430E,EJA430J",,,B,4,,,,,,,,,,
F9340WY,CONNECTOR,2,,"EJA110E,EJA110J",,,"A,D",1,,,,,,,,,,
F9340WY,CONNECTOR,1,,"EJA430E,EJA430J",,,"A,D",1,,,,,,,,,,
F9340WW,CONNECTOR,2,,"EJA110E,EJA110J",,,"A,D",2,,,,,,,,,,
F9340WW,CONNECTOR,1,,"EJA430E,EJA430J",,,"A,D",2,,,,,,,,,,
F9340WZ,CONNECTOR,2,,"EJA110E,EJA110J",,,"A,D",3,,,,,,,,,,
F9340WZ,CONNECTOR,1,,"EJA430E,EJA430J",,,"A,D",3,,,,,,,,,,
F9340WX,CONNECTOR,2,,"EJA110E,EJA110J",,,"A,D",4,,,,,,,,,,
F9340WX,CONNECTOR,1,,"EJA430E,EJA430J",,,"A,D",4,,,,,,,,,,
F9350GU,CONNECTOR,2,,"EJA110E,EJA110J",,,L,1,,,,,,,,,,
F9350GU,CONNECTOR,1,,"EJA310E,EJA310J,EJA430E,EJA430J",,,L,1,,,,,,,,,,
F9350GX,CONNECTOR,2,,"EJA110E,EJA110J",,,L,2,,,,,,,,,,
F9350GX,CONNECTOR,1,,"EJA310E,EJA310J,EJA430E,EJA430J",,,L,2,,,,,,,,,,
F9350GV,CONNECTOR,2,,"EJA110E,EJA110J",,,L,3,,,,,,,,,,
F9350GV,CONNECTOR,1,,"EJA310E,EJA310J,EJA430E,EJA430J",,,L,3,,,,,,,,,,
F9350GY,CONNECTOR,2,,"EJA110E,EJA110J",,,L,4,,,,,,,,,,
F9350GY,CONNECTOR,1,,"EJA310E,EJA310J,EJA430E,EJA430J",,,L,4,,,,,,,,,,
F9340TL,CONNECTOR,2,,"EJA110E,EJA110J",,,W,1,,,,,,,,,,
F9340TL,CONNECTOR,1,,"EJA430E,EJA430J",,,W,1,,,,,,,,,,
F9340TJ,CONNECTOR,2,,"EJA110E,EJA110J",,,W,2,,,,,,,,,,
F9340TJ,CONNECTOR,1,,"EJA430E,EJA430J",,,W,2,,,,,,,,,,
F9340TM,CONNECTOR,2,,"EJA110E,EJA110J",,,W,3,,,,,,,,,,
F9340TM,CONNECTOR,1,,"EJA430E,EJA430J",,,W,3,,,,,,,,,,
F9340TK,CONNECTOR,2,,"EJA110E,EJA110J",,,W,4,,,,,,,,,,
F9340TK,CONNECTOR,1,,"EJA430E,EJA430J",,,W,4,,,,,,,,,,
F9340WV,CONNECTOR,2,,EJA130E,,,,1,,,,,,,,,,
F9340WU,CONNECTOR,2,,EJA130E,,,,2,,,,,,,,,,
F9340XT,CONNECTOR,2,,EJA130E,,,,3,,,,,,,,,,
F9340XS,CONNECTOR,2,,EJA130E,,,,4,,,,,,,,,,
F9340WV,CONNECTOR,1,,EJA440E,,C,,1,,,,,,,,,,
F9340WU,CONNECTOR,1,,EJA440E,,C,,2,,,,,,,,,,
F9340XT,CONNECTOR,1,,EJA440E,,C,,3,,,,,,,,,,
F9340XS,CONNECTOR,1,,EJA440E,,C,,4,,,,,,,,,,
F9900AU,BOLT,4,,"EJA110E,EJA110J,EJA130E,EJA120E,EJA120J",,,,"1,2,3,4",J,,,,,,,,"N2,N3",
F9900AU,BOLT,2,,"EJA310E,EJA310J,EJA430E,EJA430J,EJA440E",,,,"1,2,3,4",J,,,,,,,,"N2,N3",
F9900AS,BOLT,4,,"EJA110E,EJA110J,EJA130E,EJA120E,EJA120J",,,,"1,2,3,4",G,,,,,,,,"N2,N3",
F9900AS,BOLT,2,,"EJA310E,EJA310J,EJA430E,EJA430J,EJA440E",,,,"1,2,3,4",G,,,,,,,,"N2,N3",
F9340AZ,BOLT,4,,"EJA110E,EJA110J,EJA130E,EJA120E,EJA120J",,,,"1,2,3,4",C,,,,,,,,"N2,N3",
F9340AZ,BOLT,2,,"EJA310E,EJA310J,EJA430E,EJA430J,EJA440E",,,,"1,2,3,4",C,,,,,,,,"N2,N3",
D0114RB,GASKET,2,,"EJA110E,EJA110J,EJA120E,EJA120J",,,,"1,2,3,4",,,,,,,,,,
D0114RB,GASKET,1,,"EJA310E,EJA310J,EJA430E,EJA430J",,,,"1,2,3,4",,,,,,,,,,
F9340GN,O-RING,2,,EJA130E,,,,"1,2,3,4",,,,,,,,,,
F9340GN,O-RING,1,,EJA440E,,C,,"1,2,3,4",,,,,,,,,,
F9202FJ,GASKET,1,,EJA440E,,D,,"1,2,3,4",,,,,,,,,,
F9900AC,BOLT,4,,"EJA110E,EJA110J",,"H,M,V","L,S",,J,,,,,,,,HD,
F9900AA,BOLT,4,,"EJA110E,EJA110J",,"H,M,V","L,S",,G,,,,,,,,HD,
F9900AE,BOLT,4,,"EJA110E,EJA110J",,"H,M,V","L,S",,C,,,,,,,,HD,
F9900AC,BOLT,4,,"EJA310E,EJA310J,EJA430E,EJA430J",,,"L,S",,J,,,,,,,,,
F9900AA,BOLT,4,,"EJA310E,EJA310J,EJA430E,EJA430J",,,"L,S",,G,,,,,,,,,
F9900AE,BOLT,4,,"EJA310E,EJA310J,EJA430E,EJA430J",,,"L,S",,C,,,,,,,,,
F9340BJ,BOLT,4,,EJA130E,,,,,J,,,,,,,,,
F9900AL,BOLT,4,,EJA440E,,,,,J,,,,,,,,,
F9340BG,BOLT,4,,EJA130E,,,,,G,,,,,,,,,
F9900AJ,BOLT,4,,EJA440E,,,,,G,,,,,,,,,
F9340AS,BOLT,4,,EJA130E,,,,,C,,,,,,,,"M61,M71",
F9340AU,BOLT,4,,EJA130E,,,,,C,,,,,,,"M61,M71",,
F9900AP,BOLT,4,,EJA440E,,,,,C,,,,,,,,,
F9900AR,BOLT,4,,"EJA120E,EJA120J",,,,,C,,,,,,,,,
F9900AB,BOLT,4,,"EJA120E,EJA120J",,,,,G,,,,,,,,,
F9340BC,BOLT,4,,"EJA120E,EJA120J",,,,,J,,,,,,,,,
F9900BC,NUT,4,,"EJA110E,EJA110J",,"H,M,V","L,S",,J,,,,,,,,HD,
F9900BA,NUT,4,,"EJA110E,EJA110J",,"H,M,V","L,S",,G,,,,,,,,HD,
F9900BE,NUT,4,,"EJA110E,EJA110J",,"H,M,V","L,S",,C,,,,,,,,HD,
F9900BC,NUT,4,,"EJA310E,EJA310J,EJA430E,EJA430J",,,"L,S",,J,,,,,,,,,
F9900BA,NUT,4,,"EJA310E,EJA310J,EJA430E,EJA430J",,,"L,S",,G,,,,,,,,,
F9900BE,NUT,4,,"EJA310E,EJA310J,EJA430E,EJA430J",,,"L,S",,C,,,,,,,,,
F9900BL,NUT,4,,"EJA130E,EJA440E",,,,,J,,,,,,,,,
F9900BJ,NUT,4,,"EJA130E,EJA440E",,,,,G,,,,,,,,,
F9900BP,NUT,4,,"EJA130E,EJA440E",,,,,C,,,,,,,,,
F9340CC,NUT,4,,"EJA120E,EJA120J",,,,,J,,,,,,,,,
F9900BB,NUT,4,,"EJA120E,EJA120J",,,,,G,,,,,,,,,
F9900BG,NUT,4,,"EJA120E,EJA120J",,,,,C,,,,,,,,,
F9300TE,BRACKET ASSY,1,,,,,,,,,,,,B,,,,
D0117XL-A,U-BOLT,1,,,,,,,,,,,,B,,,,
F9340EM,BRACKET ASSY,1,,,,,,,,,,,,D,,,,
D0117XL-A,U-BOLT,1,,,,,,,,,,,,D,,,,
F9900SB,BRACKET ASSY,1,,,,,,,,,,,,J,,,,
F9900SN,U-BOLT,1,,"EJA110E,EJA110J",,,,,,,,,,J,,,,
F9900SD,BRACKET ASSY,1,,,,,,,,,,,,K,,,,
F9900SN,U-BOLT,1,,"EJA110E,EJA110J",,,,,,,,,,K,,,,
F9900SF,BRACKET ASSY,1,,"EJA110E,EJA110J",,"H,M,V",S,,,,,,,M,,,HD,
F9900SS,BRACKET ASSY,1,,"EJA110E,EJA110J",,F,S,,,,,,,M,,,,
F9900SN,U-BOLT,1,,"EJA110E,EJA110J",,F,S,,,,,,,M,,,,
F9900SF,BRACKET ASSY,1,,"EJA310E,EJA310J,EJA430E,EJA430J",,,S,,,,,,,M,,,,
F9900SR,BRACKET ASSY,1,,"EJA110E,EJA110J",,"H,M",S,,,,,,,M,HD,,,
F9273CZ,BOLT,4,,,,,,,,,,,,"B,D",,,,
F9900SH,BOLT,4,,,,,,,,,,,,"J,K",,,,
F9900SH,BOLT,4,,"EJA110E,EJA110J",,F,S,,,,,,,M,,,,
F9900SH,BOLT,4,,"EJA110E,EJA110J",,"H,M",S,,,,,,,M,HD,,,
F9913WC,CASE,1,,"EJA110E,EJA310E,EJA430E,EJA130E,EJA440E,EJA120E",,,,,,,2,A,,,,,,
F9913WG,CASE,1,,"EJA110E,EJA310E,EJA430E,EJA130E,EJA440E,EJA120E",,,,,,,2,"2,C",,,,,"CF1,CS1,CS15,CU1,FF1,FS1,FS15,FU1,GF11,GF21,GS11,GS16,GS21,GU11,GU21,KF22,KS21,KS26,KU22,NF2,NF21,NS21,NS25,PF22,PS21,SF2,SS26,SU21,UF1,US1",
F9913WJ,CASE,1,,"EJA110E,EJA310E,EJA430E,EJA130E,EJA440E,EJA120E",,,,,,,2,"4,D",,,,,,
F9913WH,CASE,1,,"EJA110E,EJA310E,EJA430E,EJA130E,EJA440E,EJA120E",,,,,,,2,"2,C",,,,"CF1,CS1,CS15,CU1,FF1,FS1,FS15,FU1,KF22,KS21,KS26,KU22,PF22,PS21,SF2,UF1,US1",,
F9913WH,CASE,1,,"EJA110E,EJA310E,EJA430E,EJA130E,EJA440E,EJA120E",,,,,,,2,"2,C",,,,"GF11,GF21,GS11,GS16,GS21,GU11,GU21,NF2,NF21,NS21,NS25,SS26,SU21",,
F9913QA,CASE,1,2,,,,,,,,1,0,,,,,X2,
F9913QC,CASE,1,2,,,,,,,,1,"5,A",,,,,X2,
F9913QG,CASE,1,2,,,,,,,,1,"2,7,C",,,,,"CF1,CS1,CS15,CU1,FF1,FS1,FS15,FU1,GF11,GF21,GS11,GS16,GS21,GU11,GU21,KF22,KS21,KS26,KU22,NF2,NF21,NS21,NS25,PF22,PS21,SF2,SS26,SU21,UF1,US1,X2",
F9913QJ,CASE,1,2,,,,,,,,1,"4,9,D",,,,,X2,
F9913QH,CASE,1,2,,,,,,,,1,"2,7,C",,,,"CF1,CS1,CS15,CU1,FF1,FS1,FS15,FU1,KF22,KS21,KS26,KU22,PF22,PS21,SF2,UF1,US1",X2,
F9913QH,CASE,1,2,,,,,,,,1,"2,7,C",,,,"GF11,GF21,GS11,GS16,GS21,GU11,GU21,NF2,NF21,NS21,NS25,SS26,SU21",X2,
F9913RN,CASE,1,2,,,,,,,,1,0,,,X2,,,
F9913RQ,CASE,1,2,,,,,,,,1,"5,A",,,X2,,,
F9913RU,CASE,1,2,,,,,,,,1,"2,7,C",,,X2,,"CF1,CS1,CS15,CU1,FF1,FS1,FS15,FU1,GF11,GF21,GS11,GS16,GS21,GU11,GU21,KF22,KS21,KS26,KU22,NF2,NF21,NS21,NS25,PF22,PS21,SF2,SS26,SU21,UF1,US1",
F9913RW,CASE,1,2,,,,,,,,1,"4,9,D",,,X2,,,
F9913RV,CASE,1,2,,,,,,,,1,"2,7,C",,,X2,"CF1,CS1,CS15,CU1,FF1,FS1,FS15,FU1,KF22,KS21,KS26,KU22,PF22,PS21,SF2,UF1,US1",,
F9913RV,CASE,1,2,,,,,,,,1,"2,7,C",,,X2,"GF11,GF21,GS11,GS16,GS21,GU11,GU21,NF2,NF21,NS21,NS25,SS26,SU21",,
F9913AJ,CASE,1,2,"EJA110E,EJA310E,EJA430E,EJA130E,EJA440E,EJA120E",,,,,,,3,"4,9,D",,,,,X2,
F9913AL,CASE,1,2,"EJA110E,EJA310E,EJA430E,EJA130E,EJA440E,EJA120E",,,,,,,3,"2,7,C",,,,,X2,
F9913BJ,CASE,1,2,"EJA110E,EJA310E,EJA430E,EJA130E,EJA440E,EJA120E",,,,,,,3,"4,9,D",,,X2,,,
F9913BL,CASE,1,2,"EJA110E,EJA310E,EJA430E,EJA130E,EJA440E,EJA120E",,,,,,,3,"2,7,C",,,X2,,,
F9910LS,TERMINAL ASSY,1,,,,,,,,,"1,3",,,,,,,
F9910LS,TERMINAL ASSY,1,,,,,,,,,2,,,,,,,
Y9308JY,SCREW,2,,,,,,,,,,,,,,,,
A1462CC,FEEDTHRU CAP,2,,,"-D,-J,-Q",,,,,,"1,2,3",,,,,,HE,
F9342YC,FEED THROUGH CAP,2,,,"-D,-J,-Q",,,,,,"1,2,3",,,,HE,"CF1,CS1,CS15,CU1,FF1,FS1,FS15,FU1",,
F9342YB,FEEDTHROUGH CAP,2,,,"-F,-G",,,,,,"1,2,3",,,,,,HE,
F9342YC,FEED THROUGH CAP,2,,,"-F,-G",,,,,,"1,2,3",,,,HE,"CF1,CS1,CS15,CU1,FF1,FS1,FS15,FU1",,
F9913ME,FEED THROUGH CAP,2,,"EJA110E,EJA310E,EJA430E,EJA130E,EJA440E,EJA120E",,,,,,,,,,,HE,,"CF1,CS1,CS15,CU1,FF1,FS1,FS15,FU1",
Y9501WL,WASHER,3,,,,,,,,,"1,2,3",,,,,,,
F9341JW,WASHER,1,,,,,,,,,,,,,,"GF11,GF21,GS11,GS16,GS21,GU11,GU21,KF22,KN26,KS21,KS26,KU22,NF2,NF21,NS21,NS25,PF22,PS21,SF2,SS26,SU21,UF1,US1",,
G9303NC,O-RING,1,,,,,,,,,,,,,,,HE,
F9900GV,O-RING,1,,,,,,,,,,,,,HE,,,
F9270BJ,SHAFT,1,,,,,,,,,"1,3",,,,,,HC,
F9900RL,SHAFT,1,,,,,,,,,"1,3",,,,HC,,,
F9900RL,SHAFT,1,,,,,,,,,2,,,,,,,
Y9812PS,PIN,1,,,,,,,,,,,,,,,,
F9270BK,COLLAR,1,,,,,,,,,,,,,,,,
F9913MC,SCREW,1,,,,,,,,,3,,,,,,"GF11,GF21,GS11,GS16,GS21,GU11,GU21,KF22,KN26,KS21,KS26,KU22,NF2,NF21,NS21,NS25,PF22,PS21,SF2,SS26,SU21,UF1,US1",
F9900GZ,SCREW,1,,,,,,,,,"1,2",,,,,,"GF11,GF21,GS11,GS16,GS21,GU11,GU21,KF22,KN26,KS21,KS26,KU22,NF2,NF21,NS21,NS25,PF22,PS21,SF2,SS26,SU21,UF1,US1",
F9341JZ,CLAMP ASSY,1,,,,,,,,,"1,2",,,,,"GF11,GF21,GS11,GS16,GS21,GU11,GU21,KF22,KN26,KS21,KS26,KU22,NF2,NF21,NS21,NS25,PF22,PS21,SF2,SS26,SU21,UF1,US1",,
F9913MD,CLAMP ASSY,1,,,,,,,,,3,,,,,"GF11,GF21,GS11,GS16,GS21,GU11,GU21,KF22,KN26,KS21,KS26,KU22,NF2,NF21,NS21,NS25,PF22,PS21,SF2,SS26,SU21,UF1,US1",,
A1462CC,FEEDTHRU CAP,1,,,"-D,-J,-Q",,,,,,,,,,,,HE,
F9342YC,FEED THROUGH CAP,1,,,"-D,-J,-Q",,,,,,,,,,HE,"CF1,CS1,CS15,CU1,FF1,FS1,FS15,FU1",,
F9342YB,FEEDTHROUGH CAP,1,,,"-F,-G",,,,,,,,,,,,HE,
F9342YC,FEED THROUGH CAP,1,,,"-F,-G",,,,,,,,,,HE,"CF1,CS1,CS15,CU1,FF1,FS1,FS15,FU1",,
F9913ME,FEED THROUGH CAP,1,,"EJA110E,EJA310E,EJA430E,EJA130E,EJA440E,EJA120E",,,,,,,,,,,HE,,"CF1,CS1,CS15,CU1,FF1,FS1,FS15,FU1",
F9900GZ,SCREW,1,,,,,,,,,"1,2",,,,,,,
F9913MA,SCREW,1,,,,,,,,,3,,,,,,,
F9913JT,METER COVER,1,,,,,,,,,1,,"D,E",,P1,,"HE,X2",
F9913JU,METER COVER,1,,,,,,,,,1,,"D,E",,P2,,"HE,X2",
F9913JV,METER COVER,1,,,,,,,,,1,,"D,E",,P7,,"HE,X2",
F9913JX,METER COVER,1,,,,,,,,,1,,"D,E",,PR,,"HE,X2",
F9913KT,METER COVER ASSY,1,,,,,,,,,1,,"D,E",,"HE,P1",,X2,
F9913KU,METER COVER ASSY,1,,,,,,,,,1,,"D,E",,"HE,P2",,X2,
F9913KV,METER COVER ASSY,1,,,,,,,,,1,,"D,E",,"HE,P7",,X2,
F9913KX,METER COVER ASSY,1,,,,,,,,,1,,"D,E",,"HE,PR",,X2,
F9913VK,COVER,1,,,,,,,,,1,,N,,P1,,X2,
F9913VL,COVER,1,,,,,,,,,1,,N,,P2,,X2,
F9913VM,COVER,1,,,,,,,,,1,,N,,P7,,X2,
F9913VP,COVER,1,,,,,,,,,1,,N,,PR,,X2,
F9913JY,METER COVER,1,,,,,,,,,2,,"D,E",,PR,,"HE,X2",
F9913SE,METER COVER,1,,,,,,,,,2,,"D,E",,,,"HE,PR",
F9913KY,METER COVER ASSY,1,,,,,,,,,2,,"D,E",,"HE,PR",,X2,
F9913KZ,METER COVER ASSY,1,,,,,,,,,2,,"D,E",,HE,,PR,
F9913SC,COVER,1,,,,,,,,,2,,N,,,,PR,
F9913SD,COVER,1,,,,,,,,,2,,N,,PR,,X2,
F9913GX,METER COVER ASSY,1,,,,,,,,,3,,"D,E",,PR,,"HE,P1,P2,P7,X2",
F9913HX,METER COVER ASSY,1,,,,,,,,,3,,"D,E",,"HE,PR",,"P1,P2,P7,X2",
F9913DP,BLIND COVER,1,,,,,,,,,3,,N,,PR,,"P1,P2,P7,X2",
F9913TS,METER COVER ASSY,1,2,,,,,,,,1,,"D,E",,,,"HE,P1,P2,P7,PR,X2",
F9913KA,METER COVER ASSY,1,2,,,,,,,,1,,"D,E",,HE,,"P1,P2,P7,PR,X2",
F9913VS,METER COVER,1,2,,,,,,,,1,,"D,E",,X2,,"HE,P1,P2,P7,PR",
F9913KS,METER COVER ASSY,1,2,,,,,,,,1,,"D,E",,"HE,X2",,"P1,P2,P7,PR",
F9913CS,METER COVER ASSY,1,2,,,,,,,,3,,"D,E",,,,"HE,P1,P2,P7,PR,X2",
F9913HA,METER COVER ASSY,1,2,,,,,,,,3,,"D,E",,HE,,"P1,P2,P7,PR,X2",
F9913GS,METER COVER ASSY,1,2,,,,,,,,3,,"D,E",,X2,,"HE,P1,P2,P7,PR",
F9913HS,METER COVER ASSY,1,2,,,,,,,,3,,"D,E",,"HE,X2",,"P1,P2,P7,PR",
F9913TJ,BLIND COVER,1,2,,,,,,,,1,,N,,,,"P1,P2,P7,PR,X2",
F9913VJ,COVER,1,2,,,,,,,,1,,N,,X2,,"P1,P2,P7,PR",
F9913CJ,BLIND COVER,1,2,,,,,,,,3,,N,,,,"P1,P2,P7,PR,X2",
F9913DJ,BLIND COVER,1,2,,,,,,,,3,,N,,X2,,"P1,P2,P7,PR",
G9330DB,PLUG RED,1,,,,,,,,,,"2,4",,,,,,
F9900GL,PLUG,1,,,,,,,,,"1,2",A,,,,,JF3,
F9913MZ,PLUG,1,,,,,,,,,"1,2,3",C,,,,,,
F9900GK,PLUG,1,,,,,,,,,"1,2,3",D,,,,,,
F9900GQ,PLUG,1,,,,,,,,,1,5,,,,,HE,
F9900GY,PLUG,1,,,,,,,,,1,5,,,HE,,,
F9913MY,PLUG,1,,,,,,,,,"1,3",7,,,,,,
F9900GP,PLUG,1,,,,,,,,,"1,3",9,,,,,HE,
F9900GX,PLUG,1,,,,,,,,,"1,3",9,,,HE,,,
G9330DB,PLUG RED,1,,,,,,,,,,"0,2,4,5,7,9,A,C,D",,,,,,
F9900GB,O-RING,1,,,,,,,,,,"A,D",,,,,HE,
F9900GW,O-RING,1,,,,,,,,,,"A,D",,,HE,,,
F9970ZA,O-RING,2,,"EJA110E,EJA110J,EJA430E,EJA430J,EJA310E,EJA310J",,,S,"B,C,D,E,F,G,P,Q,R,T",,,,,,,,,,
F9149CT,BALL,1,,"EJA110E,EJA110J",,,,"P,Q,R",,-9,,,,,,,,
F9970YB,SEAL SCREW,1,,"EJA110E,EJA110J",,,,"P,Q,R",,-9,,,,,,,,
F9275ZZ,LABEL,1,,,,,,,,,,,,,,"K1,K2",,
F9900MK,LABEL,1,,,,,,,,,,,,,,"K5,K6",,
F9340ND,LABEL,1,,,,,,,,,,,,,,"K1,K11,K12,K15,K16,K2,K5,K6",,
F9340NJ,LABEL,1,,,,,,"1,2,3,4",,,,,,,,"K1,K2,K5,K6",,
C1016EZ,SOLID SUB-MATERIALS,1,,,,,,,,,,,,,,"K15,K16,K5,K6",,
F9203ZA,PLUG,2,,"EJA110E,EJA110J,EJA120E,EJA120J,EJA130E",,,,,,,,,,,,"K1,K2,K5,K6",,
F9203ZA,PLUG,1,,"EJA310E,EJA310J,EJA430E,EJA430J,EJA440E",,,,,,,,,,,,"K1,K2,K5,K6",,
X9930CX,POLY BAG,1,,,,,,"0,1,2,3,4,5,B,C,D,E,F,G,W",,,,,,,,"K1,K11,K12,K15,K16,K2,K5,K6",,
X9930CX,POLY BAG,1,,,,,,"1,2,3,4",,,,,,,,"K1,K2,K5,K6",,
F9900RM,TAG PLATE,1,,,,,,,,,,,,,,N4,,
F9900GG,RING,1,,,,,,,,,,,,,,N4,,
F9340XU,CONNECTOR(KIDNEY),2,,"EJA110E,EJA110J,EJA120E,EJA120J,EJA130E",,,S,,,-9,,,,N,,"N2,N3",,
F9340XU,CONNECTOR(KIDNEY),1,,"EJA310E,EJA310J,EJA430E,EJA430J",,,S,,,-9,,,,N,,"N2,N3",,
F9340XU,CONNECTOR(KIDNEY),1,,EJA440E,,C,S,,,-9,,,,N,,"N2,N3",,
F9340GN,O-RING,2,,"EJA110E,EJA110J,EJA120E,EJA120J,EJA130E",,,S,,,-9,,,,N,,"N2,N3",,
F9340GN,O-RING,1,,"EJA310E,EJA310J,EJA430E,EJA430J,EJA440E",,,S,,,-9,,,,N,,"N2,N3",,
F9900AU,BOLT,4,,"EJA110E,EJA110J,EJA120E,EJA120J,EJA130E",,,"H,M,S,T",,J,-9,,,,N,,"N2,N3",,
F9900AU,BOLT,2,,"EJA310E,EJA310J,EJA430E,EJA430J,EJA440E",,,"H,M,S,T",,J,-9,,,,N,,"N2,N3",,
F9900AS,BOLT,4,,"EJA110E,EJA110J,EJA120E,EJA120J,EJA130E",,,"H,M,S,T",,G,-9,,,,N,,"N2,N3",,
F9900AS,BOLT,2,,"EJA310E,EJA310J,EJA430E,EJA430J,EJA440E",,,"H,M,S,T",,G,-9,,,,N,,"N2,N3",,
F9340AZ,BOLT,4,,"EJA110E,EJA110J,EJA120E,EJA120J,EJA130E",,,"H,M,S,T",,C,-9,,,,N,,"N2,N3",,
F9340AZ,BOLT,2,,"EJA310E,EJA310J,EJA430E,EJA430J,EJA440E",,,"H,M,S,T",,C,-9,,,,N,,"N2,N3",,
F9203ZA,PLUG,1,,"EJA110E,EJA110J,EJA120E,EJA120J,EJA130E",,,,"C,D,E,F",,,,,,,,"K11,K12,K15,K16",,
F9900RF,NAME PLATE,1,,,,,,,,,,,,,,"CF1,CS1,CS15,CU1,FF1,FS1,FS15,FU1,KF22,KS21,KS26,KU22,PF22,PS21,SF2,KN26,SS26,SU21",,
F9900RG,TAPPING SCREW,2,,,,,,,,,"1,3",,,,,"GF21,GS21,GU21,KF22,KN26,KS21,KS26,KU22,PF22,PS21,SF2,SS26,SU21,UF1,US1",,
F9900RG,TAPPING SCREW,2,,,,,,,,,"1,3",,,,,"CF1,CS1,CS15,CU1,FF1,FS1,FS15,FU1,GF11,GS11,GS16,GU11,JS4,NF2,NF21,NS21,NS25",,
F9900RR,TAPPING SCREW,2,,,,,,,,,2,,,,,"GF21,GS21,GU21,KF22,KN26,KS21,KS26,KU22,PF22,PS21,SF2,SS26,SU21,UF1,US1",,
F9900RR,TAPPING SCREW,2,,,,,,,,,2,,,,,"CF1,CS1,CS15,CU1,FF1,FS1,FS15,FU1,GF11,GS11,GS16,GU11,NF2,NF21,NS21,NS25",,
F9900RP,BOLT,2,,,,,,,,,"1,2",,,,,"GF11,GF21,GU11,GU21,JF3,KF22,KU22,NF2,NF21,PF22,SF2,SU21,UF1",,
F9913MB,BOLT,2,,,,,,,,,3,,,,,"GF11,GF21,GU11,GU21,JF3,KF22,KU22,NF2,NF21,PF22,SF2,SU21,UF1",,
G9601AM,GLAND,1,,,,,,,,,,"0,5",,,G11,,,
G9601AM,GLAND,2,,,,,,,,,,"0,5",,,G12,,,
G9339AB,CARD,1,,,,,,,,,,,,,,G11,,
G9339AB,CARD,2,,,,,,,,,,,,,,G12,,
F9910LZ,LABEL,1,,,,,,,,,,"4,9,D",,,,"FF1,FU1",,
F9220SC,LABEL,1,,,,,,,,,,,,,,"UF1,US1",,
F9275EF,NEEDLE ASSY,2,,"EJA110E,EJA110J,EJA130E,EJA120E,EJA120J",,"H,M,V",S,"0,1,2,3,4,5",,"-2,-3,-6,-7",,,,,,"K1,K2,K5,K6",,
F9275EF,NEEDLE ASSY,1,,"EJA310E,EJA310J,EJA430E,EJA430J,EJA440E",,,S,"0,1,2,3,4,5",,"-2,-3,-6,-7",,,,,,"K1,K2,K5,K6",,
F9275EF,NEEDLE ASSY,2,,"EJA110E,EJA110J,EJA130E,EJA120E,EJA120J",,"H,M,V",S,"0,1,2,3,4,5",,"-8,-9,-B,-U",,,,,,"K1,K2,K5,K6","GS,N1,N2,N3",
F9275EF,NEEDLE ASSY,1,,"EJA310E,EJA310J,EJA430E,EJA430J,EJA440E",,,S,"0,1,2,3,4,5",,"-8,-9,-B,-U",,,,,,"K1,K2,K5,K6","GS,N1,N2,N3",
F9275EG,NEEDLE ASSY,2,,"EJA110E,EJA110J,EJA130E,EJA120E,EJA120J",,"H,M,V",S,"0,1,2,3,4,5",,"-2,-3,-6,-7",,,,,,"K1,K2,K5,K6",,
F9275EG,NEEDLE ASSY,1,,"EJA310E,EJA310J,EJA430E,EJA430J,EJA440E",,,S,"0,1,2,3,4,5",,"-2,-3,-6,-7",,,,,,"K1,K2,K5,K6",,
F9275EG,NEEDLE ASSY,2,,"EJA110E,EJA110J,EJA130E,EJA120E,EJA120J",,"H,M,V",S,"0,1,2,3,4,5",,"-8,-9,-B,-U",,,,,,"K1,K2,K5,K6","GS,N1,N2,N3",
F9275EG,NEEDLE ASSY,1,,"EJA310E,EJA310J,EJA430E,EJA430J,EJA440E",,,S,"0,1,2,3,4,5",,"-8,-9,-B,-U",,,,,,"K1,K2,K5,K6","GS,N1,N2,N3",
Y9400ET,NEEDLE ASSY,2,,"EJA110E,EJA110J,EJA130E,EJA120E,EJA120J",,"H,M,V",S,"0,1,2,3,4,5",,"-2,-3,-6,-7",,,,,,"K1,K2,K5,K6",,
Y9400ET,NEEDLE ASSY,1,,"EJA310E,EJA310J,EJA430E,EJA430J,EJA440E",,,S,"0,1,2,3,4,5",,"-2,-3,-6,-7",,,,,,"K1,K2,K5,K6",,
Y9400ET,NEEDLE ASSY,2,,"EJA110E,EJA110J,EJA130E,EJA120E,EJA120J",,"H,M,V",S,"0,1,2,3,4,5",,"-8,-9,-B,-U",,,,,,"K1,K2,K5,K6","GS,N1,N2,N3",
Y9400ET,NEEDLE ASSY,1,,"EJA310E,EJA310J,EJA430E,EJA430J,EJA440E",,,S,"0,1,2,3,4,5",,"-8,-9,-B,-U",,,,,,"K1,K2,K5,K6","GS,N1,N2,N3",
F9341JD,Spring,1,,"EJA110E,EJA110J,EJA430E,EJA120E,EJA120J",,,,,,,"1,2,3",,,,,,,
F9341JE,Spring,1,,"EJA110E,EJA110J,EJA430E,EJA120E,EJA120J",,,,,,,"1,2,3",,,,,,,
F9341JQ,O-RING,1,,"EJA110E,EJA110J,EJA430E,EJA120E,EJA120J",,,,,,,"1,2,3",,,,,,,
F9341JA,Glass,1,,"EJA110E,EJA110J,EJA430E,EJA120E,EJA120J",,,,,,,"1,2,3",,,,,,,
F9903DM,GASKET,2,,"EJA110E,EJA110J",,"H,L,M,V","L,S",,,,,,,,,"MG1,MH1","GS,HD,HD2",
F9903DM,GASKET,2,,"EJA110E,EJA110J",,"H,L,M,V","L,S",W,,,,,,,,"MG1,MH1","GS,HD,HD2",
F9903DM,GASKET,2,,"EJA310E,EJA310J,EJA430E,EJA430J,EJA440E",,,"L,S",,,,,,,,,"MG1,MH1",GS,
F9903DM,GASKET,2,,"EJA310E,EJA310J,EJA430E,EJA430J,EJA440E",,,"L,S",W,,,,,,,,"MG1,MH1",GS,
F9903DM,GASKET,2,,"EJA110E,EJA110J",,,S,"C,D,Q,R",,,,,,,,"MC2,MD2",,
F9903DM,GASKET,2,,"EJA110E,EJA110J",,,S,"E,F",,,,,,,,"MC3,MD3",,
F9903BD,VENT PLUG,2,,"EJA110E,EJA110J,EJA130E,EJA120E,EJA120J",,,"H,M,S,T","3,4,5",,"-8,-9,-B,-U",,,,,,"MG1,MH1","GS,K1,K2,K5,K6,N1,N2,N3,UN",
F9903BD,VENT PLUG,1,,"EJA310E,EJA310J,EJA430E,EJA430J,EJA440E",,,"H,M,S,T","3,4,5",,"-8,-9,-B,-U",,,,,,"MG1,MH1","GS,K1,K2,K5,K6,N1,N2,N3,UN",
F9903BD,VENT PLUG,1,,"EJA110E,EJA110J",,,"H,M,S,T","D,F,R",,-9,,,,,,"MD2,MD3","K11,K12,K15,K16",
F9903CM,VENT SCREW,2,,"EJA110E,EJA110J,EJA130E,EJA120E,EJA120J",,,"H,M,S,T","0,1,2,3,4,5",,"-8,-9,-B,-U",,,,,,"MG1,MH1","GS,K1,K2,K5,K6,N1,N2,N3,UN",
F9903CM,VENT SCREW,1,,"EJA310E,EJA310J,EJA430E,EJA430J,EJA440E",,,"H,M,S,T","0,1,2,3,4,5",,"-8,-9,-B,-U",,,,,,"MG1,MH1","GS,K1,K2,K5,K6,N1,N2,N3,UN",
F9903CM,VENT SCREW,1,,"EJA110E,EJA110J",,,"H,M,S,T","C,D,E,F,Q,R",,-9,,,,,,"MD2,MD3","K11,K12,K15,K16",
F9903CZ,PLUG,2,,"EJA110E,EJA110J,EJA130E,EJA120E,EJA120J",,,"H,M,S,T","3,4,5",,"-8,-9",,,,,,"MG1,MH1","GS,N1,N2,N3,UN",
F9903CZ,PLUG,1,,"EJA310E,EJA310J,EJA430E,EJA430J,EJA440E",,,"H,M,S,T","3,4,5",,"-8,-9",,,,,,"MG1,MH1","GS,N1,N2,N3,UN",
F9903CZ,PLUG,4,,"EJA110E,EJA110J,EJA130E,EJA120E,EJA120J",,,S,"3,4,5",,#NAME?,,,,,,"MG1,MH1","N1,N2,N3,UN",
F9903CZ,PLUG,2,,"EJA310E,EJA310J,EJA430E,EJA430J,EJA440E",,,S,"3,4,5",,#NAME?,,,,,,"MG1,MH1","N1,N2,N3,UN",
F9903CZ,PLUG,1,,"EJA110E,EJA110J",,,"H,M,S,T","D,F,R",,-9,,,,,,"MD2,MD3",,
